file_urls,type,model,product,thumb,url,source,brand,product_lang
https://niceboy.eu/files/down/manuals/niceboy-manual-hive-xl-2021.pdf,Manual,HIVE XL 2021,Over-ear headphones,https://niceboy.eu/files/thumbnails/20211111-13-53-09-hive-xl-main-1800x-crop-250-250-1637830396.png,https://niceboy.eu/en/support/product/170?code=hive-xl-2021,niceboy.eu,Niceboy,en
https://niceboy.eu/files/down/manuals/niceboy-manual-hive-bones-2.pdf,Manual,HIVE Bones 2,Sports,https://niceboy.eu/files/thumbnails/20211111-13-48-46-4-hive-bones-2-1800x-crop-250-250-1637830394.png,https://niceboy.eu/en/support/product/168?code=hive-bones-2,niceboy.eu,Niceboy,en
https://niceboy.eu/files/down/manuals/niceboy-manual-voice-call-bt-pro.pdf,Manual,VOICE Call BT PRO,Conference microphones,https://niceboy.eu/files/thumbnails/20211111-14-08-07-voice-call-bt-pro-1-1800x-crop-250-250-1637830396.png,https://niceboy.eu/en/support/product/163?code=voice-call-bt-pro,niceboy.eu,Niceboy,en
https://niceboy.eu/files/down/manuals/niceboy-manual-voice-intercom.pdf,Manual,VOICE Intercom,Office,https://niceboy.eu/files/thumbnails/20220217-16-40-46-voice-intercom-2-1800x-crop-250-250-1645112490.png,https://niceboy.eu/en/support/product/164?code=voice-intercom,niceboy.eu,Niceboy,en
https://niceboy.eu/files/down/manuals/niceboy-manual-hive-podsie-2021.pdf,Manual,HIVE Podsie 2021,In-ear headphones,https://niceboy.eu/files/thumbnails/20211111-13-48-31-1-hive-podsie-cover-new-logo-1800x-crop-250-250-1637830396.png,https://niceboy.eu/en/support/product/158?code=hive-podsie-2021,niceboy.eu,Niceboy,en
https://niceboy.eu/files/down/manuals/niceboy-manual-voice-call-bt.pdf,Manual,VOICE Call BT,Conference microphones,https://niceboy.eu/files/thumbnails/20211111-14-07-22-1-voice-call-bt-1800x-crop-250-250-1637830396.png,https://niceboy.eu/en/support/product/167?code=voice-call-bt,niceboy.eu,Niceboy,en
https://niceboy.eu/files/down/manuals/niceboy-manual-oryx-x500-shadow.pdf,Manual,ORYX X500 Shadow,Over-ear headphones,https://niceboy.eu/files/thumbnails/20220217-16-40-59-oryx-x500-shadow-1-1800x-crop-250-250-1645112487.png,https://niceboy.eu/en/support/product/160?code=oryx-x500-shadow,niceboy.eu,Niceboy,en
https://niceboy.eu/files/down/manuals/niceboy-manual-x-fit-watch-pixel.pdf,Manual,X-fit Watch Pixel,Wearable electronics,https://niceboy.eu/files/thumbnails/20211111-14-09-21-pixelwatch-cover-1800x-crop-250-250-1637830396.png,https://niceboy.eu/en/support/product/161?code=x-fit-watch-pixel,niceboy.eu,Niceboy,en
https://niceboy.eu/files/down/manuals/niceboy-manual-oryx-x310-ghost-pc.pdf,Manual,ORYX X310 Ghost Console,Wired headphones,https://niceboy.eu/files/thumbnails/20211111-13-57-50-oryx-x310-1-1800x-crop-250-250-1637830396.png,https://niceboy.eu/en/support/product/166?code=oryx-x310-ghost-console,niceboy.eu,Niceboy,en
https://niceboy.eu/files/down/manuals/niceboy-manual-oryx-x310-ghost-console.pdf,Manual,ORYX X310 Ghost Console,Wired headphones,https://niceboy.eu/files/thumbnails/20211111-13-57-50-oryx-x310-1-1800x-crop-250-250-1637830396.png,https://niceboy.eu/en/support/product/166?code=oryx-x310-ghost-console,niceboy.eu,Niceboy,en
https://niceboy.eu/files/down/manuals/niceboy-manual-voice.pdf,Manual,VOICE,Gaming microphones,https://niceboy.eu/files/thumbnails/20211111-14-07-44-voice-1-1800x-crop-250-250-1637830396.png,https://niceboy.eu/en/support/product/154?code=voice,niceboy.eu,Niceboy,en
https://niceboy.eu/files/down/manuals/niceboy-manual-voice-call-pro.pdf,Manual,VOICE Call PRO,Conference microphones,https://niceboy.eu/files/thumbnails/20211111-14-08-20-voice-call-pro-2-1800x-crop-250-250-1637830396.png,https://niceboy.eu/en/support/product/157?code=voice-call-pro,niceboy.eu,Niceboy,en
https://niceboy.eu/files/down/manuals/niceboy-manual-hive-2-joy-2021.pdf,Manual,HIVE 2 Joy 2021,Over-ear headphones,https://niceboy.eu/files/thumbnails/20211111-13-52-35-hive2joy-cover-1-1800x-crop-250-250-1637830396.png,https://niceboy.eu/en/support/product/169?code=hive-2-joy-2021,niceboy.eu,Niceboy,en
https://niceboy.eu/files/down/manuals/niceboy-manual-voice-call.pdf,Manual,VOICE Call,Conference microphones,https://niceboy.eu/files/thumbnails/20211111-14-07-56-voice-call-1-1800x-crop-250-250-1637830395.png,https://niceboy.eu/en/support/product/156?code=voice-call,niceboy.eu,Niceboy,en
https://niceboy.eu/files/down/manuals/niceboy-manual-raze-3-atom.pdf,Manual,RAZE 3 Atom,Wireless,https://niceboy.eu/files/thumbnails/20220714-12-56-20-cover-raze-3-atom-transparent-1800x-crop-250-250-1657796214.png,https://niceboy.eu/en/support/product/162?code=raze-3-atom,niceboy.eu,Niceboy,en
https://niceboy.eu/files/down/manuals/niceboy-manual-voice-handle.pdf,Manual,VOICE Handle,Gaming microphones,https://niceboy.eu/files/thumbnails/20211111-14-07-38-niceboy-voice-handle-1-1800x-crop-250-250-1637830394.png,https://niceboy.eu/en/support/product/155?code=voice-handle,niceboy.eu,Niceboy,en
https://niceboy.eu/files/down/manuals/niceboy-manual-ion-charles-i9.pdf,Manual,ION Charles i9 White,ION,https://niceboy.eu/files/thumbnails/20220616-11-12-33-1-ion-charles-i9-black-1800x1800-transparent-crop-250-250-1655823461.png,https://niceboy.eu/en/support/product/289?code=charles-i9-white,niceboy.eu,Niceboy,en
https://niceboy.eu/files/down/manuals/niceboy-manual-hive-bones-3.pdf,Manual,HIVE Bones 3,Sports,https://niceboy.eu/files/thumbnails/20220629-20-49-10-1-hive-bones-3-cover-crop-250-250-1656529611.jpg,https://niceboy.eu/en/support/product/292?code=hive-bones-3,niceboy.eu,Niceboy,en
https://niceboy.eu/files/down/manuals/niceboy-manual-hive-podsie-3-white.pdf,Manual,HIVE Podsie 3 Polar White,In-ear headphones,https://niceboy.eu/files/thumbnails/20211111-13-51-23-hive-podsie-white-1-1800x-crop-250-250-1637830396.png,https://niceboy.eu/en/support/product/288?code=hive-podsie-3-white,niceboy.eu,Niceboy,en
https://niceboy.eu/files/down/manuals/niceboy-manual-hive-podsie-3-black.pdf,Manual,HIVE Podsie 3 Black,In-ear headphones,https://niceboy.eu/files/thumbnails/20211111-13-48-31-1-hive-podsie-cover-new-logo-1800x-crop-250-250-1637830396.png,https://niceboy.eu/en/support/product/287?code=hive-podsie-3,niceboy.eu,Niceboy,en
https://niceboy.eu/files/down/manuals/niceboy-manual-watch-kids-patrol.pdf,Manual,Watch KIDS PATROL Blue,Wearable electronics,https://niceboy.eu/files/thumbnails/2022055-10-23-39-cover-watch-kids-patrol-blue-1800x-transparent-bkg-crop-250-250-1651739564.png,https://niceboy.eu/en/support/product/273?code=watch-kids-patrol-blue,niceboy.eu,Niceboy,en
https://niceboy.eu/files/down/manuals/manual-accessories-box_Pods_2.pdf,Manual,Nabíjecí box Niceboy HIVE Pods 2,Headphone cases,https://niceboy.eu/files/thumbnails/20220317-09-58-53-ncb-hive-pods-2-box-1500x-crop-250-250-1647507674.jpg,https://niceboy.eu/en/support/product/253?code=hive-pods-2-box,niceboy.eu,Niceboy,en
https://niceboy.eu/files/down/manuals/manual-accessories-box_Pins.pdf,Manual,Nabíjecí box Niceboy HIVE Pins White,Headphone cases,https://niceboy.eu/files/thumbnails/20220317-09-59-07-ncb-hive-pins-white-box-1500x-crop-250-250-1647507674.jpg,https://niceboy.eu/en/support/product/252?code=hive-pins-white-box,niceboy.eu,Niceboy,en
https://niceboy.eu/files/down/manuals/manual-accessories-box_Pods_3_Pro.pdf,Manual,Nabíjecí box Niceboy HIVE Pods 3 Pro,Headphone cases,https://niceboy.eu/files/thumbnails/20220317-09-58-23-ncb-hive-pods-3-pro-box-1500x-crop-250-250-1647507674.jpg,https://niceboy.eu/en/support/product/254?code=hive-pods-3-pro-box,niceboy.eu,Niceboy,en
https://niceboy.eu/files/down/manuals/manual-accessories-box_Pins_2_ANC.pdf,Manual,Nabíjecí box Niceboy HIVE Pins 2 ANC,Headphone cases,https://niceboy.eu/files/thumbnails/20220317-09-58-10-ncb-hive-pins-2-anc-box-1500x-crop-250-250-1647507675.jpg,https://niceboy.eu/en/support/product/255?code=hive-pins-anc-box,niceboy.eu,Niceboy,en
https://niceboy.eu/files/down/manuals/manual-accessories-box_AIRSPORT_WEB.pdf,Manual,Nabíjecí box Niceboy HIVE Airsport,Headphone cases,https://niceboy.eu/files/thumbnails/20220317-09-57-56-ncb-hive-airsport-box-1500x-crop-250-250-1647507675.jpg,https://niceboy.eu/en/support/product/256?code=hive-airsport-box,niceboy.eu,Niceboy,en
https://niceboy.eu/files/down/manuals/manual-accessories-box_Drops.pdf,Manual,Nabíjecí box Niceboy HIVE Drops Fleur,Headphone cases,https://niceboy.eu/files/thumbnails/20220317-09-59-36-ncb-hive-drops-fleur-box-1500x-crop-250-250-1647507673.jpg,https://niceboy.eu/en/support/product/250?code=hive-drops-fleur-box,niceboy.eu,Niceboy,en
https://niceboy.eu/files/down/manuals/manual-accessories-box_Podsie_2021_WEB.pdf,Manual,Nabíjecí box Niceboy HIVE Podsie 2021 Polar White,Headphone cases,https://niceboy.eu/files/thumbnails/20220322-10-05-15-coverpng-ncb-hive-podsie-white-box-1800x-1-3--crop-250-250-1647939983.png,https://niceboy.eu/en/support/product/248?code=hive-podsie-white-box,niceboy.eu,Niceboy,en
https://niceboy.eu/files/down/manuals/manual-accessories-box_Beans.pdf,Manual,Nabíjecí box Niceboy HIVE Beans Black,Headphone cases,https://niceboy.eu/files/thumbnails/20220317-10-00-55-ncb-hive-beans-box-black-1500x-crop-250-250-1647507672.jpg,https://niceboy.eu/en/support/product/245?code=hive-beans-black-box,niceboy.eu,Niceboy,en
https://niceboy.eu/files/down/manuals/manual-accessories-single_earphone_DROPS.pdf,Manual,Sluchátko HIVE Drops Fleur - pravé,Headphone Replacement ,https://niceboy.eu/files/thumbnails/2022038-09-39-43-sluchatko-hive-drops-fleur-prave-1800x-crop-250-250-1646728974.png,https://niceboy.eu/en/support/product/238?code=hive-drops-fleur-r,niceboy.eu,Niceboy,en
https://niceboy.eu/files/down/manuals/niceboy-manual-vega-x-star.pdf,Manual,VEGA X Star,Action,https://niceboy.eu/files/thumbnails/20220214-17-51-47-1-vega-x-star-cover-big-transparent-web-1--crop-250-250-1644857535.png,https://niceboy.eu/en/support/product/241?code=vega-x-star,niceboy.eu,Niceboy,en
https://niceboy.eu/files/down/manuals/niceboy-ion-smartplug.pdf,Manual,ION SmartPlug,ION,https://niceboy.eu/files/thumbnails/20220217-16-41-02-ion-smart-plug-cover-1800x-crop-250-250-1645112485.png,https://niceboy.eu/en/support/product/240?code=smart-plug,niceboy.eu,Niceboy,en
https://niceboy.eu/files/down/manuals/niceboy-manual-oryx-vox-21.pdf,Manual,ORYX VOX 2.1 MAXX BASS,Home speakers,https://niceboy.eu/files/thumbnails/20220518-17-17-31-1-oryx-vox-2-1-transparent-cover-web-1--crop-250-250-1652887066.png,https://niceboy.eu/en/support/product/243?code=oryx-vox-2.1-maxxbass,niceboy.eu,Niceboy,en
https://niceboy.eu/files/down/manuals/niceboy-manual-oryx-vox-20.pdf,Manual,ORYX VOX 2.0,Home speakers,https://niceboy.eu/files/thumbnails/20220222-17-28-12-3-oryx-vox-2-0-transparent-cover-web-crop-250-250-1645547309.png,https://niceboy.eu/en/support/product/242?code=oryx-vox-2.0,niceboy.eu,Niceboy,en
https://niceboy.eu/files/down/manuals/manual-accessories-single_earphone_PODSIE_2021.pdf,Manual,Sluchátko HIVE Podsie Polar White 2021 - pravé,Headphone Replacement ,https://niceboy.eu/files/thumbnails/2022038-09-42-06-sluchatko-hive-podsie-2021-polar-white-prave-1800x-crop-250-250-1646728973.png,https://niceboy.eu/en/support/product/232?code=hive-podsie-2021-white-r,niceboy.eu,Niceboy,en
https://niceboy.eu/files/down/manuals/manual-accessories-single_earphone_PODSIE.pdf,Manual,Sluchátko HIVE Podsie Polar White - pravé,Headphone Replacement ,https://niceboy.eu/files/thumbnails/2022038-09-43-43-sluchatko-hive-podsie-polar-white-prave-1800x-crop-250-250-1647445671.png,https://niceboy.eu/en/support/product/230?code=hive-podsie-white-r,niceboy.eu,Niceboy,en
https://niceboy.eu/files/down/manuals/manual-accessories-single_earphone_PODS_2.pdf,Manual,Sluchátko HIVE Pods 2 - pravé,Headphone Replacement ,https://niceboy.eu/files/thumbnails/20220128-09-06-41-hive-pods-2-earphone-right-1500x-crop-250-250-1643795176.png,https://niceboy.eu/en/support/product/234?code=hive-pods-2-r,niceboy.eu,Niceboy,en
https://niceboy.eu/files/down/manuals/niceboy-manual-office-m10.pdf,Manual,M10,Office mice,https://niceboy.eu/files/thumbnails/20220121-13-20-07-1-ncb-office-m10-cover-1800x-crop-250-250-1642767653.png,https://niceboy.eu/en/support/product/222?code=office-m10,niceboy.eu,Niceboy,en
https://niceboy.eu/files/down/manuals/niceboy-manual-ion-smartscale-black-white.pdf,Manual,ION SmartScale White,ION,https://niceboy.eu/files/thumbnails/20220217-16-40-34-1-smartscale-white-cover-crop-250-250-1645112492.png,https://niceboy.eu/en/support/product/211?code=ion-smartscale-white,niceboy.eu,Niceboy,en
https://niceboy.eu/files/down/manuals/niceboy-manual-ion-smart-kettle.pdf,Manual,ION SmartKettle,ION,https://niceboy.eu/files/thumbnails/20220217-16-40-41-1-ion-smart-kettle-cover-1800x-crop-250-250-1645112491.png,https://niceboy.eu/en/support/product/209?code=ion-smartkettle,niceboy.eu,Niceboy,en
https://niceboy.eu/files/down/manuals/niceboy-manual-oryx-m410-gravity.pdf,Manual,ORYX M410 Gravity,Gaming mice,https://niceboy.eu/files/thumbnails/20211213-15-28-58-1-oryx-m410-cover-big-transparent-crop-250-250-1639405772.png,https://niceboy.eu/en/support/product/207?code=oryx-m410-gravity,niceboy.eu,Niceboy,en
https://niceboy.eu/files/down/manuals/niceboy-manual-ion-sonic.pdf,Manual,ION Sonic Duo Pack,ION,https://niceboy.eu/files/thumbnails/20211214-18-33-05-ncb-ion-sonic-cover-duopack-crop-250-250-1639503230.png,https://niceboy.eu/en/support/product/206?code=ion-sonic-duo-pack,niceboy.eu,Niceboy,en
https://niceboy.eu/files/down/manuals/niceboy-manual-ion-smartbulb-rgb-e27.pdf,Manual,ION SmartBulb RGB E27 Set,ION,https://niceboy.eu/files/thumbnails/20220510-09-37-48-cover-ion-smart-bulb-rgb-e27-set-1800x-crop-250-250-1652168268.png,https://niceboy.eu/en/support/product/205?code=ion-smartbulb-rgb-e27-set,niceboy.eu,Niceboy,en
https://niceboy.eu/files/down/manuals/niceboy-manual-ion-smartbulb-ambient-e14.pdf,Manual,ION SmartBulb Ambient E14,ION,https://niceboy.eu/files/thumbnails/20220510-09-37-57-cover-ion-smart-bulb-ambient-e14-crop-250-250-1652168277.png,https://niceboy.eu/en/support/product/200?code=ion-smartbulb-ambient-e14,niceboy.eu,Niceboy,en
https://niceboy.eu/files/down/manuals/niceboy-manual-ion-smartsonic.pdf,Manual,ION SmartSonic White,ION,https://niceboy.eu/files/thumbnails/20211214-18-33-23-ncb-ion-smartsonic-cover-white-crop-250-250-1639503229.png,https://niceboy.eu/en/support/product/195?code=ion-smartsonic-white,niceboy.eu,Niceboy,en
https://niceboy.eu/files/down/manuals/niceboy-manual-ion-smartbulb-rgb-e14.pdf,Manual,ION SmartBulb RGB E14 Set,ION,https://niceboy.eu/files/thumbnails/20220510-09-37-51-cover-ion-smart-bulb-rgb-e14-set-crop-250-250-1652168271.png,https://niceboy.eu/en/support/product/203?code=ion-smartbulb-rgb-e14-set,niceboy.eu,Niceboy,en
https://niceboy.eu/files/down/manuals/niceboy-manual-ion-smartbulb-ambient-e27.pdf,Manual,ION SmartBulb Ambient E27,ION,https://niceboy.eu/files/thumbnails/20220510-09-38-03-cover-ion-smart-bulb-ambient-e27-1800x-crop-250-250-1652168283.png,https://niceboy.eu/en/support/product/198?code=ion-smartbulb-ambient-e27,niceboy.eu,Niceboy,en
https://niceboy.eu/files/down/manuals/niceboy-manual-ion-charles-i4.pdf,Manual,ION Charles i4 Black,ION,https://niceboy.eu/files/thumbnails/20211026-16-27-00-charles-i4-black-cover-crop-250-250-1648732605.png,https://niceboy.eu/en/support/product/189?code=ion-charles-i4-black,niceboy.eu,Niceboy,en
https://niceboy.eu/files/down/manuals/niceboy-manual-ion-charles-i3.pdf,Manual,ION Charles i3 White,ION,https://niceboy.eu/files/thumbnails/20211026-16-27-08-charles-i3-white-cover-crop-250-250-1648733935.png,https://niceboy.eu/en/support/product/188?code=ion-charles-i3-white,niceboy.eu,Niceboy,en
https://niceboy.eu/files/down/manuals/niceboy-manual-ion-charles-i7.pdf,Manual,ION Charles i7 Black,ION,https://niceboy.eu/files/thumbnails/20211026-16-26-42-charles-i7-black-cover-crop-250-250-1648732608.png,https://niceboy.eu/en/support/product/191?code=ion-charles-i7-black,niceboy.eu,Niceboy,en
https://niceboy.eu/files/down/manuals/niceboy-manual-party-boss-200w.pdf,Manual,PARTY Boss 200W,Party,https://niceboy.eu/files/thumbnails/20211111-13-59-42-party-boss-200w-cover-crop-250-250-1637830396.png,https://niceboy.eu/en/support/product/185?code=party-boss-200w,niceboy.eu,Niceboy,en
https://niceboy.eu/files/down/manuals/niceboy-manual-hive-beans.pdf,Manual,HIVE Beans White,In-ear headphones,https://niceboy.eu/files/thumbnails/2021105-11-41-49-2-hive-beans-white-crop-250-250-1637830395.png,https://niceboy.eu/en/support/product/178?code=hive-beans-white,niceboy.eu,Niceboy,en
https://niceboy.eu/files/down/manuals/niceboy-manual-hive-airsport.pdf,Manual,HIVE Airsport,Sports,https://niceboy.eu/files/thumbnails/20211111-13-50-05-hive-airsport-cover-1800x-crop-250-250-1637830395.png,https://niceboy.eu/en/support/product/186?code=hive-airsport,niceboy.eu,Niceboy,en
https://niceboy.eu/files/down/manuals/niceboy-manual-x-fit-watch-2-lite.pdf,Manual,X-fit Watch 2 Lite,Wearable electronics,https://niceboy.eu/files/thumbnails/20220317-11-35-37-cover-x-fit-watch-2-lite-crop-250-250-1647524926.png,https://niceboy.eu/en/support/product/180?code=x-fit-watch-2-lite,niceboy.eu,Niceboy,en
https://niceboy.eu/files/down/manuals/niceboy-manual-pilot-q2-wifi.pdf,Manual,PILOT Q2 WiFi,Dashcams,https://niceboy.eu/files/thumbnails/20220217-16-40-56-pilot-q2-wifi-1800x-crop-250-250-1645112487.png,https://niceboy.eu/en/support/product/183?code=pilot-q2-wifi,niceboy.eu,Niceboy,en
https://niceboy.eu/files/down/manuals/niceboy-manual-hive-pods-3-pro.pdf,Manual,HIVE Pods 3 PRO,In-ear headphones,https://niceboy.eu/files/thumbnails/20211111-13-49-12-4-hive-pods-3-pro-1800x-crop-250-250-1637830395.png,https://niceboy.eu/en/support/product/177?code=hive-pods-3-pro,niceboy.eu,Niceboy,en
https://niceboy.eu/files/down/manuals/niceboy-manual-pilot-xr-radar.pdf,Manual,PILOT XR Radar,Dashcams,https://niceboy.eu/files/thumbnails/20211111-14-00-56-7-pilot-xr-radar-1800x-crop-250-250-1637830396.png,https://niceboy.eu/en/support/product/176?code=pilot-xr-radar,niceboy.eu,Niceboy,en
https://niceboy.eu/files/down/manuals/niceboy-manual-oryx-x700-legend.pdf,Manual,ORYX X700 Legend,Over-ear headphones,https://niceboy.eu/files/thumbnails/20211111-13-57-31-4-oryx-x700-1800x-crop-250-250-1637830396.png,https://niceboy.eu/en/support/product/173?code=oryx-x700-legend,niceboy.eu,Niceboy,en
https://niceboy.eu/files/down/manuals/niceboy-manual-stream-pro-2-led.pdf,Manual,STREAM PRO 2 LED,Web Cameras,https://niceboy.eu/files/thumbnails/20211111-14-05-31-2-stream-pro-2-led-1800x-crop-250-250-1637830396.png,https://niceboy.eu/en/support/product/174?code=stream-pro-2-led,niceboy.eu,Niceboy,en
https://niceboy.eu/files/down/manuals/niceboy-manual-x-fit-watch-2.pdf,Manual,X-fit Watch 2,Wearable electronics,https://niceboy.eu/files/thumbnails/20220317-13-17-23-x-fit-watch-2-cover-png-crop-250-250-1647524812.png,https://niceboy.eu/en/support/product/175?code=x-fit-watch-2,niceboy.eu,Niceboy,en
https://niceboy.eu/files/down/manuals/niceboy-manual-pilot-q9-radar.pdf,Manual,PILOT Q9 Radar,Dashcams,https://niceboy.eu/files/thumbnails/20220217-16-40-53-pilot-q9-1800x-crop-250-250-1645112489.png,https://niceboy.eu/en/support/product/182?code=pilot-q9-radar,niceboy.eu,Niceboy,en
https://niceboy.eu/files/down/manuals/niceboy-manual-stream-elite-4k.pdf,Manual,STREAM Elite 4K,Web Cameras,https://niceboy.eu/files/thumbnails/20211111-14-05-41-stream-elite-4k-1-1800x-crop-250-250-1637830396.png,https://niceboy.eu/en/support/product/152?code=stream-elite-4k,niceboy.eu,Niceboy,en
https://niceboy.eu/files/down/manuals/niceboy-manual-x-fit-coach-gps.pdf,Manual,X-fit Coach GPS,Wearables,https://niceboy.eu/files/thumbnails/20211111-14-09-07-coach-gps-cover-1800x-crop-250-250-1637830395.png,https://niceboy.eu/en/support/product/153?code=x-fit-coach-gps,niceboy.eu,Niceboy,en
https://niceboy.eu/files/down/manuals/niceboy-manual-hive-pins.pdf,Manual,HIVE Pins White,In-ear headphones,https://niceboy.eu/files/thumbnails/20211111-13-51-10-hive-pins-white-3-1800x-crop-250-250-1637830394.png,https://niceboy.eu/en/support/product/171?code=hive-pins-white,niceboy.eu,Niceboy,en
https://niceboy.eu/files/down/manuals/niceboy-manual-raze-4-origin.pdf,Manual,RAZE 4 Origin,Wireless,https://niceboy.eu/files/thumbnails/20211111-14-02-52-raze-4-origin-1-1800x-crop-250-250-1637830396.png,https://niceboy.eu/en/support/product/172?code=raze-4-origin,niceboy.eu,Niceboy,en
https://niceboy.eu/files/down/manuals/niceboy-manual-hive-drops.pdf,Manual,HIVE drops Fleur,In-ear headphones,https://niceboy.eu/files/thumbnails/20211111-13-50-31-hive-drops-white1-1800x-crop-250-250-1637830395.png,https://niceboy.eu/en/support/product/151?code=hive-drops-fleur,niceboy.eu,Niceboy,en
https://niceboy.eu/files/down/manuals/niceboy-manual-vega-x-play.pdf,Manual,VEGA X Play,Action,https://niceboy.eu/files/thumbnails/20211111-14-06-33-vega-x-play-crop-250-250-1637830395.png,https://niceboy.eu/en/support/product/148?code=vega-x-play,niceboy.eu,Niceboy,en
https://niceboy.eu/files/down/manuals/niceboy-manual-oryx-k610-chameleon.pdf,Manual,ORYX K610 Chameleon,Gaming keyboard,https://niceboy.eu/files/thumbnails/20211111-13-55-10-k610-crop-250-250-1637830396.png,https://niceboy.eu/en/support/product/149?code=oryx-k610-chameleon,niceboy.eu,Niceboy,en
https://niceboy.eu/files/down/manuals/niceboy-manual-oryx-x210-donuts.pdf,Manual,ORYX X210 Donuts,Over-ear headphones,https://niceboy.eu/files/thumbnails/20211111-13-58-00-oryx-x210-donuts-1-1800x-crop-250-250-1637830396.png,https://niceboy.eu/en/support/product/144?code=oryx-x210-donuts,niceboy.eu,Niceboy,en
https://niceboy.eu/files/down/manuals/niceboy-manual-oryx-k100.pdf,Manual,ORYX K100,Gaming keyboard,https://niceboy.eu/files/thumbnails/20211111-13-54-20-k100-left-1800x-crop-250-250-1637830396.png,https://niceboy.eu/en/support/product/142?code=oryx-k100,niceboy.eu,Niceboy,en
https://niceboy.eu/files/down/manuals/niceboy-manual-hive-pins-2-anc.pdf,Manual,HIVE Pins 2 ANC,In-ear headphones,https://niceboy.eu/files/thumbnails/20211111-13-50-43-hive-pins-2-anc-crop-250-250-1637830395.png,https://niceboy.eu/en/support/product/145?code=hive-pins-2-anc,niceboy.eu,Niceboy,en
https://niceboy.eu/files/down/manuals/niceboy-manual-hive-3-aura-anc.pdf,Manual,HIVE 3 Aura ANC,Over-ear headphones,https://niceboy.eu/files/thumbnails/20211111-13-50-19-hive-aura-anc-1800x-crop-250-250-1637830393.png,https://niceboy.eu/en/support/product/150?code=hive-3-aura-anc,niceboy.eu,Niceboy,en
https://niceboy.eu/files/down/manuals/niceboy-manual-oryx-m300-duke.pdf,Manual,ORYX M300 Duke,Gaming mice,https://niceboy.eu/files/thumbnails/20211111-13-56-28-oryx-m300-duke2-big-1800x-crop-250-250-1637830396.png,https://niceboy.eu/en/support/product/135?code=oryx-m300-duke,niceboy.eu,Niceboy,en
https://niceboy.eu/files/down/manuals/niceboy-manual-raze-3-titan.pdf,Manual,RAZE 3 Titan,Wireless,https://niceboy.eu/files/thumbnails/20211111-14-03-33-t3-ok-1800x-crop-250-250-1637830396.png,https://niceboy.eu/en/support/product/136?code=raze-3-titan,niceboy.eu,Niceboy,en
https://niceboy.eu/files/down/manuals/niceboy-manual-raze-3-radion.pdf,Manual,RAZE 3 Radion,Wireless,https://niceboy.eu/files/thumbnails/20211111-14-02-36-raze-3-radion-1-1800x-crop-250-250-1637830394.png,https://niceboy.eu/en/support/product/134?code=raze-3-radion,niceboy.eu,Niceboy,en
https://niceboy.eu/files/down/manuals/niceboy-manual-vega-x-lite.pdf,Manual,VEGA X Lite,Action,https://niceboy.eu/files/thumbnails/20211111-14-06-28-vega-x-lite-3-2-1800x-crop-250-250-1637830396.png,https://niceboy.eu/en/support/product/143?code=vega-x-lite,niceboy.eu,Niceboy,en
https://niceboy.eu/files/down/manuals/niceboy-manual-raze-3-guru.pdf,Manual,RAZE 3 Guru,Wireless,https://niceboy.eu/files/thumbnails/20211111-14-02-27-raze-3-guru6-1800x-crop-250-250-1637830395.png,https://niceboy.eu/en/support/product/130?code=raze-3-guru,niceboy.eu,Niceboy,en
https://niceboy.eu/files/down/manuals/niceboy-manual-x-fit-plus.pdf,Manual,X-fit Plus,Wearables,https://niceboy.eu/files/thumbnails/20211111-14-09-55-xfit2-quartzfront-1800x-crop-250-250-1637830396.png,https://niceboy.eu/en/support/product/128?code=x-fit-plus,niceboy.eu,Niceboy,en
https://niceboy.eu/files/down/manuals/niceboy-manual-oryx-m666-daemon.pdf,Manual,ORYX M666 Daemon,Gaming mice,https://niceboy.eu/files/thumbnails/20211111-13-56-50-oryx-m666-left-quartz-1800x-crop-250-250-1637830394.png,https://niceboy.eu/en/support/product/129?code=oryx-m666-daemon,niceboy.eu,Niceboy,en
https://niceboy.eu/files/down/manuals/niceboy-manual-hive-3-prodigy.pdf,Manual,HIVE 3 Prodigy,Over-ear headphones,https://niceboy.eu/files/thumbnails/20211111-13-49-56-hive-3-prodigy6-1800x-crop-250-250-1637830395.png,https://niceboy.eu/en/support/product/132?code=hive-3-prodigy,niceboy.eu,Niceboy,en
https://niceboy.eu/files/down/manuals/niceboy-manual-vega-x-pro.pdf,Manual,VEGA X PRO,Action,https://niceboy.eu/files/thumbnails/20211111-14-06-46-vega-x-pro-front-1800x-crop-250-250-1637830394.png,https://niceboy.eu/en/support/product/125?code=vega-x-pro,niceboy.eu,Niceboy,en
https://niceboy.eu/files/down/manuals/niceboy-manual-stream-pro.pdf,Manual,STREAM PRO,Web Cameras,https://niceboy.eu/files/thumbnails/20211111-14-05-48-stream-pro-1-1800x-crop-250-250-1637830395.png,https://niceboy.eu/en/support/product/141?code=stream-pro,niceboy.eu,Niceboy,en
https://niceboy.eu/files/down/manuals/niceboy-manual-oryx-k300x.pdf,Manual,ORYX K300X,Gaming keyboard,https://niceboy.eu/files/thumbnails/20211111-13-54-39-k300x-quartz01-new-logo-zdroj-1800x-crop-250-250-1637830396.png,https://niceboy.eu/en/support/product/122?code=oryx-k300x,niceboy.eu,Niceboy,en
https://niceboy.eu/files/down/manuals/niceboy-manual-oryx-x300.pdf,Manual,ORYX X300,Over-ear headphones,https://niceboy.eu/files/thumbnails/20211111-13-58-45-x300-uhel-new-1800x-crop-250-250-1637830395.png,https://niceboy.eu/en/support/product/121?code=oryx-x300,niceboy.eu,Niceboy,en
https://niceboy.eu/files/down/manuals/niceboy-manual-stream.pdf,Manual,STREAM,Web Cameras,https://niceboy.eu/files/thumbnails/20211111-14-05-56-webkamera-stream-foto1-1800x-crop-250-250-1637830395.png,https://niceboy.eu/en/support/product/140?code=stream,niceboy.eu,Niceboy,en
https://niceboy.eu/files/down/manuals/niceboy-manual-oryx-throne.pdf,Manual,ORYX Throne,Gaming chairs,https://niceboy.eu/files/thumbnails/20211111-13-59-27-throne-front-1800x-crop-250-250-1637830396.png,https://niceboy.eu/en/support/product/118?code=oryx-throne,niceboy.eu,Niceboy,en
https://niceboy.eu/files/down/manuals/niceboy-manual-hive-e3.pdf,Manual,HIVE E3,Sports,https://niceboy.eu/files/thumbnails/20211111-13-49-35-e3-cover-1800x-crop-250-250-1637830396.png,https://niceboy.eu/en/support/product/116?code=hive-e3,niceboy.eu,Niceboy,en
https://niceboy.eu/files/down/manuals/niceboy-manual-hive-sport-2.pdf,Manual,HIVE sport 2,Sports,https://niceboy.eu/files/thumbnails/20211111-13-52-15-hive-sport-2-quartz-1800x-crop-250-250-1637830395.png,https://niceboy.eu/en/support/product/123?code=hive-sport-2,niceboy.eu,Niceboy,en
https://niceboy.eu/files/down/manuals/niceboy-manual-oryx-x200.pdf,Manual,ORYX X200,Over-ear headphones,https://niceboy.eu/files/thumbnails/20211111-13-58-33-x200-uhel-1-1800x-crop-250-250-1637830396.png,https://niceboy.eu/en/support/product/113?code=oryx-x200,niceboy.eu,Niceboy,en
https://niceboy.eu/files/down/manuals/niceboy-manual-oryx-x600.pdf,Manual,ORYX X600,Over-ear headphones,https://niceboy.eu/files/thumbnails/20211111-13-59-05-x600-uhel-final-1800x-crop-250-250-1637830396.png,https://niceboy.eu/en/support/product/111?code=oryx-x600,niceboy.eu,Niceboy,en
https://niceboy.eu/files/down/manuals/niceboy-manual-oryx-x410-epic.pdf,Manual,ORYX X410 Epic,Over-ear headphones,https://niceboy.eu/files/thumbnails/20211111-13-58-11-oryx-x410-2-1800x-crop-250-250-1637830396.png,https://niceboy.eu/en/support/product/137?code=oryx-x410-epic,niceboy.eu,Niceboy,en
https://niceboy.eu/files/down/manuals/niceboy-manual-oryx-m200.pdf,Manual,ORYX M200,Gaming mice,https://niceboy.eu/files/thumbnails/20211111-13-55-46-1-niceboy-oryx-m200-1800x-crop-250-250-1637830396.png,https://niceboy.eu/en/support/product/106?code=oryx-m200,niceboy.eu,Niceboy,en
https://niceboy.eu/files/down/manuals/niceboy-manual-raze-2-ego.pdf,Manual,RAZE 2 ego,Wireless,https://niceboy.eu/files/thumbnails/20211111-14-02-09-1.ego-cover-final-1800x-crop-250-250-1637830395.png,https://niceboy.eu/en/support/product/98?code=raze-2-ego,niceboy.eu,Niceboy,en
https://niceboy.eu/files/down/manuals/niceboy-manual-raze-mini.pdf,Manual,RAZE mini,Wireless,https://niceboy.eu/files/thumbnails/20220318-11-43-07-1-raze-mini-cover-web-crop-250-250-1647600208.png,https://niceboy.eu/en/support/product/90?code=raze-mini,niceboy.eu,Niceboy,en
https://niceboy.eu/files/down/manuals/niceboy-manual-hive-pods-2.pdf,Manual,HIVE pods 2,In-ear headphones,https://niceboy.eu/files/thumbnails/20211111-13-48-18-cover-niceboy-hive-pods-2-1-1800x-crop-250-250-1637830395.png,https://niceboy.eu/en/support/product/115?code=hive-pods-2,niceboy.eu,Niceboy,en
https://niceboy.eu/files/down/manuals/niceboy-manual-raze-2-twins.pdf,Manual,RAZE 2 twins,Wireless,https://niceboy.eu/files/thumbnails/20211111-14-03-24-raze2twinz-cover-final-1800x-crop-250-250-1637830396.png,https://niceboy.eu/en/support/product/101?code=raze-2-twins,niceboy.eu,Niceboy,en
https://niceboy.eu/files/down/manuals/niceboy-manual-oryx-k600.pdf,Manual,ORYX K600,Gaming keyboard,https://niceboy.eu/files/thumbnails/20211111-13-55-01-k600-angle-final-2-1800x-crop-250-250-1637830395.png,https://niceboy.eu/en/support/product/105?code=oryx-k600,niceboy.eu,Niceboy,en
https://niceboy.eu/files/down/manuals/niceboy-manual-oryx-m220-zen.pdf,Manual,ORYX M220 Zen,Gaming mice,https://niceboy.eu/files/thumbnails/20211111-13-56-39-oryx-m220-left-side-1800x-crop-250-250-1637830396.png,https://niceboy.eu/en/support/product/131?code=oryx-m220-zen,niceboy.eu,Niceboy,en
